0.964008446;0.249749973;0.621279013;-0.251304291;0.967890757;0.005799562;-0.086797869;-0.028503202;0.995818105;20.76923696;4.786694381;0.414053175
-0.976968017;-0.189725848;-1.128659482;0.190555145;-0.981676125;0.000850425;-0.096032441;-0.017778894;0.995219414;19.18942823;2.239991621;-0.218715544
0.130254033;0.986474994;0.924670718;-0.991395108;0.130903555;1.27E-06;-0.013024122;-0.098647584;0.995037199;-10.33988614;1.000085309;0.099998636
-0.153784979;0.983479743;0.74484376;-0.98802552;-0.154273563;-0.002288897;0.012480043;-0.094695635;0.995428041;-0.650715945;3.219905899;0.303438224
-0.655385516;-0.749436451;-1.182303891;0.752975446;-0.65803919;-0.003521729;-0.059142232;-0.073002946;0.9955766;0.490562885;3.837265215;-0.350977935
-0.621460069;-0.782313365;-0.220267055;0.783423962;-0.620142741;0.040864128;-0.005854864;0.058384749;0.998276986;20.4665831;16.54447794;0.399795262
0.947066964;0.305702059;-1.119895045;-0.307242119;0.95163116;-0.000645251;0.093093751;0.030730881;0.995182981;1.463954419;2.041545775;-0.200405394
0.736872458;-0.668850123;0.852103912;0.672141624;0.740422425;-0.000519153;-0.072419732;0.06643904;0.9951589;-1.678631494;1.902458846;0.187383268
0.151471296;-0.983440633;-1.065403792;0.988345616;0.15222662;1.48E-06;0.015145639;-0.098344178;0.995037201;10.36131755;1.000115603;-0.100001633
-0.673600331;-0.732413213;-1.082886103;0.736050237;-0.676926902;-0.0001359;-0.067027178;-0.073081155;0.995071104;3.772461316;1.305663046;-0.130051992
0.847592213;0.522488925;0.661713712;-0.525099481;0.851028963;0.00449877;-0.076537415;-0.052488356;0.995684185;20.83520446;4.265386458;0.380963564
-0.966291598;0.238225351;0.82275495;-0.239285156;-0.970948942;0.000875013;0.094990322;-0.022512965;0.995223596;21.62555091;2.261998188;0.220725232
0.926528338;-0.364843139;-1.198164238;0.366834916;0.930271385;0.005224394;0.083530737;-0.038530943;0.995760002;20.04188051;4.561607618;-0.400230351
0.581823714;-0.807245043;-1.082182951;0.811252436;0.584696047;0.000130263;0.057884805;-0.080535537;0.995069534;16.55486399;1.292941968;-0.128808645
0.403070238;0.909824006;-1.098412984;-0.914282452;0.405077169;0.000292476;0.040273828;0.090181851;0.995110674;18.02229396;1.597285946;-0.158331626
0.803448948;0.588058746;0.671251656;-0.590933046;0.80670961;0.004212022;-0.072580462;-0.058365374;0.995653333;20.85401299;4.14372456;0.372697928
0.370397666;0.923528407;0.924620699;-0.928134635;0.372244677;3.71E-06;-0.037036043;-0.092353569;0.995037261;-10.58870359;1.000720517;0.100061472
0.952789038;0.303248127;-0.851644998;-0.303632984;0.951540343;-0.048764611;-0.000243788;0.051103319;0.998693342;0.015528475;19.5573676;-0.152316305
-0.799412144;-0.592500666;0.917717351;0.595454394;-0.80338911;4.92E-05;0.079839141;0.059235962;0.995046136;-14.15351067;1.088143299;0.108696233
0.932276306;0.351260185;-1.219870325;-0.351751719;0.93604003;0.009989532;0.08444891;0.021103194;0.996204315;20.18013776;6.276201805;-0.488021586
0.817035271;-0.567965962;-1.074610299;0.570783036;0.82110092;-7.55E-05;0.081609384;-0.05663873;0.995053749;5.159349801;1.158327977;-0.115608054
-0.993886592;0.065267483;-1.212228297;-0.064841285;-0.997866085;-0.007673632;-0.089359108;-0.001852714;0.99599775;0.28854464;5.478078004;-0.452116413
0.014961409;-0.995011953;0.869520252;0.999887436;0.014999722;-0.000353071;-0.001128074;0.09862161;0.995124367;-2.134267303;1.688337243;0.167063164
0.489484715;0.866324272;-1.069509308;-0.87064103;0.49191889;-4.23E-05;0.048876472;0.086591344;0.995044235;6.651171146;1.069970648;-0.106903555
-0.758544332;0.644901996;0.679596021;-0.6480079;-0.761623278;-0.003967823;0.06852925;-0.063493287;0.995626609;-0.453206513;4.037679644;0.365327078
0.189563859;0.976813487;0.924663114;-0.981685423;0.190509135;1.86E-06;-0.018954515;-0.097681529;0.995037208;-10.39997902;1.000181881;0.100008189
-0.723627773;0.682980597;0.924418282;-0.686387362;-0.72723613;-7.97E-06;0.072354917;-0.068301656;0.995037512;-9.399900634;1.003290775;0.100315715
0.191423976;0.976450668;0.924662828;-0.981320795;0.192378527;1.88E-06;-0.019140509;-0.097645251;0.995037208;-10.40187385;1.000185514;0.100008549
0.94373406;-0.315992019;-1.131165243;0.317420807;0.94828434;-0.000917082;0.092790388;-0.030097399;0.995230672;1.17150978;2.298914544;-0.224086779
0.001387948;-0.995041309;0.920659006;0.999999031;0.001391396;-3.47E-05;-0.000103862;0.099452787;0.995042277;-7.132576458;1.050948774;0.105025821
-0.167541592;0.980912933;-1.100993896;-0.985719491;-0.168395305;-0.000325459;-0.016938108;0.09722571;0.995118215;2.244172943;1.647933183;-0.163194827
0.833251184;0.545048288;0.664990639;-0.54774917;0.836631037;0.004399349;-0.075254969;-0.054505703;0.99567355;20.8415029;4.223532781;0.378143117
-0.507018395;0.858469249;-1.221480881;-0.860182224;-0.509663437;-0.018158262;-0.054944411;0.057216515;0.996848726;0.147336497;8.909113322;-0.552323679
-0.190761946;-0.976584728;0.921158902;0.981450509;-0.19171567;-3.20E-05;0.019099193;0.097608253;0.995041632;-7.317104935;1.044619621;0.104400757
-0.995019006;0.006214219;-1.06613254;-0.006243625;-0.999980508;-1.58E-05;-0.099489675;0.000605463;0.99503841;8.646475903;1.012436216;-0.101220176
0.336178011;-0.938926179;0.255501036;0.940730935;0.338487519;0.021248681;-0.044829141;0.061998621;0.997068964;20.54569666;9.891098649;0.558219596
-0.085560711;0.994048284;-1.196483291;-0.99582854;-0.087474717;-0.025955587;-0.031699896;0.064932148;0.99738605;0.102925352;11.40674907;-0.551342909
0.970193748;-0.220966651;0.923404637;0.222066611;0.975031497;1.82E-05;-0.097007788;0.022075312;0.995038778;-11.98561204;1.016155451;0.101587918
0.90903872;-0.404682142;0.916884264;0.406701258;0.91356121;-5.32E-05;-0.090789271;0.040475669;0.995047249;-6.065706602;1.098661857;0.109733301
-0.300292267;0.94864306;0.924640791;-0.953374522;-0.301789695;-2.98E-06;0.030026234;-0.094864772;0.995037236;-9.904260043;1.00046536;0.100036232
0.547505822;0.830947361;-1.096782966;-0.835019003;0.550221037;0.000272773;0.054595229;0.082360747;0.995106059;17.9181007;1.565639499;-0.155285143
-0.836835254;0.538444388;-1.092988338;-0.541078805;-0.840971863;-0.000230105;-0.083309571;0.053328855;0.995095748;2.771593464;1.492950327;-0.148265938
-0.956705401;0.27356045;-1.071589405;-0.27492722;-0.961465039;5.58E-05;-0.095549986;0.027379916;0.995048009;14.47950029;1.105786243;-0.110435489
0.03540803;-0.994432491;-1.0790047;0.99936707;0.035573147;0.000106057;0.00342512;-0.099189572;0.99506266;16.09103166;1.235921735;-0.123226586
-0.986654356;-0.128896132;-1.066010112;0.129540301;-0.991574158;-1.44E-05;-0.09865339;-0.012902597;0.995038206;8.780424723;1.010364035;-0.101015267
0.890166526;0.444642159;-1.066627895;-0.446857056;0.894605372;2.08E-05;0.089007464;0.044436233;0.995039242;12.21942915;1.020830172;-0.102050067
0.544418477;-0.835178851;0.337604611;0.836855321;0.547144704;0.017488399;-0.057286065;0.055758046;0.996799552;20.57086514;8.696701992;0.549873883
-0.800136176;0.591522549;-1.070570146;-0.59447141;-0.804116746;4.92E-05;-0.079911466;0.059138256;0.995046142;14.154629;1.088200059;-0.10870183
0.367233136;-0.927165035;0.26785735;0.928960983;0.369599471;0.020681481;-0.046597388;0.061328854;0.997029315;20.54908603;9.710389991;0.557780413
-0.989991196;-0.100529689;-1.087671891;0.101044062;-0.994881936;-0.000177277;-0.098526796;-0.010184075;0.995082286;3.236331609;1.39330656;-0.138597388
0.88270334;-0.459296429;0.917121896;0.46158729;0.887094793;-5.20E-05;-0.088158871;0.045930589;0.995046931;-6.120978252;1.09566219;0.109437593
0.20354003;0.97399718;0.924660892;-0.978855072;0.204554998;2.00E-06;-0.020351993;-0.097399927;0.995037211;-10.41423345;1.000210093;0.10001098
0.809376876;-0.578862106;-1.084156714;0.581739551;0.813375113;0.000146361;0.080549169;-0.057789176;0.995073989;16.80196484;1.328750011;-0.132306576
-0.806347727;-0.585523771;0.445046585;0.586665252;-0.809729946;-0.012700252;0.075014833;0.038721156;0.996430352;-0.198552166;7.167861302;0.518558996
-0.989929581;0.100806667;-1.072134345;-0.101314137;-0.994854483;5.93E-05;-0.098867946;0.010127874;0.995049022;14.63812879;1.115217565;-0.111364756
-0.323822886;0.940877405;-1.069090511;-0.945565383;-0.325432183;3.95E-05;-0.032324068;0.094040431;0.995043492;13.59675071;1.062794659;-0.106195333
0.673794914;0.73219905;-1.070071895;-0.735848093;0.677146647;-4.60E-05;0.067290397;0.073191322;0.995045242;6.438607931;1.079628776;-0.107856451
0.838790759;-0.535353963;-1.084492693;0.538016276;0.842934437;0.000149188;0.083477842;-0.053457172;0.995074761;16.84140314;1.334876419;-0.132904437
0.716386911;-0.690596996;-1.075236998;0.694023252;0.719952581;-7.97E-05;0.071564794;-0.068877212;0.995054978;5.022884261;1.169308231;-0.116687653
-0.216732522;-0.971174908;-1.079946341;0.975994203;-0.217796473;-0.000113021;-0.021501873;-0.096871023;0.995064658;4.180357435;1.252734777;-0.124874013
0.368680886;-0.924238067;-1.077037675;0.928824379;0.370520262;-9.20E-05;0.036873807;-0.092188557;0.995058587;4.666640036;1.201014609;-0.119802333
-0.982158305;0.160694149;0.825602471;-0.161385327;-0.986891117;0.000836239;0.096539318;-0.014943685;0.995216985;21.66082004;2.227143201;0.217540217
-0.063491712;-0.993384395;-1.162279136;0.997974527;-0.063578728;-0.002142318;-0.003955594;-0.095630485;0.995409043;0.679306137;3.137639686;-0.296738731
-0.366173828;-0.925215357;0.921598442;0.929825211;-0.368001462;-2.96E-05;0.036630651;0.092474147;0.995041068;-7.492797923;1.039052574;0.103850841
0.759120355;-0.643491464;0.851264819;0.64666028;0.762777952;-0.00052799;-0.074610785;0.063941631;0.99516064;-1.660946193;1.912754697;0.188352235
-0.738931282;-0.666419129;-1.075104324;0.669725293;-0.742608932;7.88E-05;-0.073814576;-0.066464418;0.995054717;15.36733682;1.166981344;-0.116458909
0.301058496;0.950830574;-1.212521026;-0.952641694;0.30330589;0.021893823;0.042867054;0.062663843;0.997113664;20.2950588;10.09703079;-0.558379535
0.374966937;-0.921762936;0.876410888;0.926279886;0.37683615;0.000296322;-0.037488234;0.091365236;0.995111565;22.79566877;1.603337486;0.158913513
-0.633864633;-0.767102408;0.881059555;0.770860673;-0.637003732;-0.000260819;0.063162093;0.076027234;0.995103216;-2.569489738;1.545877694;0.153379803
-0.593879874;0.798516987;-1.110753807;-0.802436763;-0.596736977;0.000471987;-0.05832613;0.079218701;0.995149466;18.636707;1.845872075;-0.182044016
-0.616671052;-0.780907328;-1.065528134;0.784802385;-0.61974609;-6.52E-06;-0.061660605;-0.078093082;0.995037407;9.544648482;1.002215421;-0.100209347
0.723529217;-0.683431284;-1.140175849;0.686590741;0.727043147;-0.001190297;0.071404667;-0.065802299;0.995274551;0.991921586;2.519874831;-0.243940934
0.896379566;-0.43201081;-1.074014562;0.434152331;0.900839469;-7.16E-05;0.089528919;-0.043068683;0.995052592;5.296009703;1.147916045;-0.114583888
0.242338199;-0.965099105;-1.077647409;0.969888175;0.24355065;-9.63E-05;0.024271907;-0.096264215;0.995059835;4.556487367;1.211804366;-0.120861317
-0.263119645;0.959624465;-1.06895019;-0.964405799;-0.26442665;3.85E-05;-0.026258465;0.095913678;0.995043245;13.53689424;1.06039287;-0.105958252
0.375728677;0.921452672;-1.098714771;-0.925968103;0.377601622;0.000296218;0.037563734;0.091334484;0.99511154;18.04086189;1.603173697;-0.158897766
-0.981519965;-0.169821065;0.54879271;0.169743681;-0.985452171;-0.008432195;0.08834954;0.006695144;0.996067033;-0.269763811;5.744740979;0.465051361
-0.884776143;0.455270633;0.924207242;-0.457542015;-0.889188003;-1.08E-05;0.088467403;-0.045534014;0.995037774;-9.121286725;1.005970068;0.10058072
0.975927134;0.19958071;-1.216036311;-0.199599955;0.979839161;0.008664627;0.087898161;0.009097145;0.996087925;20.15399296;5.825305244;-0.468771888
-0.04373965;-0.994445847;-1.161717232;0.999040784;-0.043738446;-0.002111953;-0.002086874;-0.095730906;0.995405063;0.685628074;3.120278537;-0.295314419
-0.995204662;-0.000185265;-1.12517294;0.000111087;-0.999999702;0.000763795;-0.097814461;0.000749266;0.995204386;19.10270555;2.159672992;-0.211344713
-0.258052049;0.961022262;0.904303198;-0.965791245;-0.259320764;-0.000114713;0.025620535;-0.095859025;0.995065141;-4.146444768;1.256768249;0.125269049
-0.746809143;-0.65755634;0.922581946;0.660832412;-0.750533492;-2.38E-05;0.074676823;0.065720142;0.995039816;-7.947642793;1.026588833;0.102619274
0.538959296;0.837028535;0.709853289;-0.84093776;0.541122762;0.003136836;-0.048441317;-0.081051763;0.995532044;20.94802851;3.656073718;0.337539889
0.440972494;-0.894313165;0.296976586;0.896074931;0.443481089;0.019345338;-0.050921287;0.059401073;0.996934569;20.55759228;9.285694422;0.555617173
0.803299246;0.587266792;0.898638164;-0.5901858;0.807267428;0.00014581;-0.079944;-0.058626056;0.995073838;24.04288815;1.327551088;0.132189555
-0.656774384;-0.753014132;-0.245278017;0.75407039;-0.655469886;0.041678236;-0.005025558;0.057697012;0.998321491;20.46383194;16.84446578;0.383992633
0.858685542;-0.502754921;0.922925049;0.505259468;0.862967479;2.16E-05;-0.085860406;0.05024559;0.995039382;-12.28414002;1.022238435;0.102189275
-0.082846862;0.991587091;-1.068232602;-0.996527607;-0.083263003;-3.35E-05;-0.008314219;0.099107585;0.995041989;7.212927387;1.048130626;-0.10474752
0.874024283;0.475665252;0.897390856;-0.478032488;0.878342141;0.000153021;-0.08698559;-0.047514747;0.995075804;23.94386508;1.343105284;0.133707191
0.920227873;-0.378562417;-1.073799717;0.380438309;0.924806298;-7.02E-05;0.091909489;-0.037733389;0.995052178;5.347086641;1.14416724;-0.114215033
0.206433454;-0.975919836;0.202965552;0.977731044;0.208524553;0.023654092;-0.037778753;0.064015507;0.997233564;20.53254233;10.66151263;0.557014641
0.079057756;0.99189157;0.92467497;-0.996838694;0.079451985;7.72E-07;-0.007905;-0.099189188;0.995037193;-10.28840126;1.000031311;0.099993294
0.988213165;-0.116753999;0.890927396;0.117311489;0.99309515;0.000192635;-0.098350161;0.011424801;0.995086288;23.50024214;1.423543261;0.141536747
-0.536827032;0.838123039;0.789834032;-0.842002257;-0.539472212;0.001389917;0.053375437;-0.08074345;0.995304756;21.31661396;2.665306385;0.256745164
-0.950524196;0.29428932;-1.066436135;-0.295754778;-0.955263896;-1.90E-05;-0.095041384;0.029405529;0.995038919;8.358235406;1.017578883;-0.101728648
0.515141729;0.851435885;-1.109484437;-0.855612551;0.517616614;-0.000450832;0.05055849;0.084439179;0.995145147;1.833602124;1.819521536;-0.179549932
0.859936604;0.509731852;-0.943793633;-0.510399289;0.858679853;-0.04649168;-0.001265933;0.05331369;0.998577011;0.027394316;18.66666373;-0.257129393
0.970000683;-0.221998275;-1.086791278;0.22311229;0.974792736;0.000169249;0.096537978;-0.022268555;0.995080163;17.09325764;1.377037716;-0.137013966
-0.357305965;-0.928678783;0.919614498;0.933306016;-0.359081994;4.00E-05;0.035669699;0.092821545;0.995043634;-13.63026139;1.064165242;0.106330615
-0.877898991;-0.469843067;-1.194273469;0.472244544;-0.881454862;-0.00473456;-0.079236689;-0.047799769;0.995709159;0.402598635;4.363348739;-0.387470199
-0.535316979;0.839088615;0.789741343;-0.842972302;-0.537955167;0.001391539;0.053229979;-0.080836461;0.995304996;21.31594162;2.666443816;0.256844443
-0.190234796;0.976687553;-1.068027768;-0.981553846;-0.191185894;-3.20E-05;-0.019046509;0.097618529;0.995041634;7.316590795;1.044636559;-0.10440243
-0.87778831;-0.468683052;-1.084995246;0.471015776;-0.882124773;-0.000153467;-0.087360299;-0.046819669;0.995075925;3.519439481;1.344057318;-0.133800044
0.294419844;-0.950505137;-1.077396633;0.955221797;0.295890707;-9.45E-05;0.02946651;-0.094808617;0.99505932;4.601209107;1.207363359;-0.120425504
-0.758555554;-0.646372234;0.424178722;0.647662651;-0.761805673;-0.013609039;0.071600011;0.043070306;0.996503079;-0.187966951;7.460894661;0.526529309
-0.717924942;-0.689146189;0.852786563;0.692535926;-0.721383205;0.00051202;0.070553308;0.068438301;0.99515749;22.11178078;1.894081442;0.186594277
0.892903982;-0.439241399;0.886819533;0.441387659;0.897316492;0.000219857;-0.088878647;0.043475362;0.995093201;23.26696113;1.474534039;0.146482931
0.967701066;-0.231692447;-1.07324901;0.232838302;0.97251546;-6.66E-05;0.096648702;-0.023071395;0.995051124;5.482699131;1.134572807;-0.113270761
0.976925933;0.189212608;0.89431595;-0.190164743;0.981752179;0.000171388;-0.097227011;-0.019006522;0.995080731;23.71948916;1.381405713;0.137439226
-0.813616305;0.572927586;-1.09335037;-0.575731613;-0.817638707;-0.00023399;-0.081003819;0.056753204;0.995096706;2.743809876;1.499827449;-0.148931286
0.76714136;0.633908836;-1.114115852;-0.637031306;0.770837747;-0.000531313;0.075400592;0.062998056;0.995161291;1.654419441;1.91660158;-0.188714074
-0.721124728;-0.685713932;0.882771725;0.689072416;-0.724692448;-0.000248297;0.07182153;0.067950418;0.9951002;-2.647262654;1.524688419;0.151334363
-0.890869257;0.443315869;0.897038201;-0.445523214;-0.895270374;-0.000155084;0.088662465;-0.044294448;0.995076363;-3.498230703;1.347501056;0.134135881
0.749017497;0.657426285;-1.224679834;-0.65874269;0.752241974;0.013786983;0.070928539;0.043848512;0.99651716;20.23250455;7.518037839;-0.52796984
0.985807572;0.135576232;-1.089445432;-0.136226522;0.990677696;0.00019405;0.098110989;0.013296173;0.995086652;17.35011864;1.426272023;-0.141801785
0.729544917;0.676668293;-1.070275417;-0.680040929;0.733174149;-4.73E-05;0.07285979;0.067643835;0.995045608;6.365822433;1.083127912;-0.108201601
0.903597317;0.419722278;-1.221377471;-0.420414767;0.907269163;0.010681289;0.082239366;0.026379455;0.996263425;20.19175735;6.506998049;-0.496864199
0.938874836;-0.329609101;-1.073610339;0.331241684;0.943545941;-6.89E-05;0.093770936;-0.032846586;0.995051814;5.392942251;1.140865496;-0.11389012
-0.498596905;0.861108016;-1.06745417;-0.865398449;-0.501084348;-2.78E-05;-0.049866331;0.086066612;0.995040646;7.634811284;1.034866611;-0.103437278
-0.718167977;-0.688810161;0.88271145;0.692183859;-0.721721168;-0.000248732;0.071528056;0.068257735;0.995100306;-2.644455395;1.525434613;0.151406437
-0.426628563;-0.898936743;-1.065454548;0.903420344;-0.428755969;-4.31E-06;-0.042658531;-0.089894666;0.995037285;9.768487091;1.000972628;-0.100086412
0.919144014;-0.381173956;0.91678263;0.383076108;0.923716782;-5.36E-05;-0.091798571;0.038127712;0.995047386;-6.042429271;1.099944647;0.109859748
0.916283737;0.387974807;0.924140554;-0.389910658;0.920852691;1.16E-05;-0.091617639;-0.038805551;0.995037857;-11.37108709;1.006816622;0.100664446
-0.800191391;-0.591461023;-1.074722391;0.594394824;-0.804173357;7.63E-05;-0.079928286;-0.058983649;0.995053968;15.28410942;1.160289866;-0.115800986
0.723211957;-0.683420891;-1.065591497;0.686829852;0.72681824;7.96E-06;0.072313341;-0.06834568;0.995037511;11.01801758;1.003285844;-0.100315227
-0.401159509;-0.910668165;0.876867491;0.915130749;-0.403157075;-0.000292737;0.040084427;0.090265528;0.995110734;-2.394920269;1.597698027;0.158371256
0.850486863;-0.51691335;-1.135652671;0.519291438;0.854596576;-0.001046285;0.083716769;-0.049651596;0.995251838;1.077125132;2.407103415;-0.233866186
0.855042246;0.508926479;-1.066720081;-0.511461785;0.859306023;2.17E-05;0.0854962;0.050862536;0.995039397;12.2911503;1.022394029;-0.102204656
-0.661878074;0.742981991;-1.06714109;-0.746683788;-0.665179164;-2.53E-05;-0.066187133;0.074259277;0.995040111;7.830397111;1.029542971;-0.102911227
0.252010528;-0.96260151;0.919946628;0.96739767;0.253262209;-3.83E-05;-0.025148399;0.096211156;0.995043201;-6.892475931;1.059963866;0.105915902
0.347778783;0.932304634;0.908609055;-0.936930977;0.349514429;-9.27E-05;-0.034788827;-0.092993195;0.995058794;-4.647998772;1.202805661;0.119978154
-0.902250412;-0.419598679;0.916948932;0.421692014;-0.906739126;5.28E-05;0.090111258;0.041965526;0.995047163;-14.3378927;1.097845601;0.109652837
0.975346134;0.197747441;-1.121734912;-0.198769131;0.980046103;-0.000684928;0.095868406;0.020139168;0.995190265;1.409797066;2.082270309;-0.20418966
-0.187864494;-0.977169361;-1.079791647;0.982018366;-0.188785373;-0.000111866;-0.01862422;-0.097468568;0.995064328;4.203919936;1.249968089;-0.124603004
0.794410483;0.59920325;0.911940654;-0.602175514;0.798363729;-7.65E-05;-0.079351333;-0.059756347;0.995054041;-5.126087224;1.160949202;0.115865821
-0.929788764;0.354418489;-1.071335592;-0.356187524;-0.934414493;5.42E-05;-0.092861733;0.035455465;0.995047541;14.40225501;1.101400406;-0.110003238
-0.107785308;-0.989187653;0.920367324;0.994116219;-0.108318702;3.62E-05;0.010736386;0.098867822;0.995042654;-13.38720974;1.054640584;0.105390357
-0.220448675;-0.970314403;0.92123401;0.975148946;-0.221550292;-3.16E-05;0.022066142;0.096981584;0.995041536;-7.346165012;1.043668469;0.104306809
-0.660645103;-0.744230403;0.854702005;0.747886947;-0.663825935;0.00049228;0.064908871;0.073866339;0.995153557;22.15401213;1.870569804;0.184377206
0.668866871;-0.736780307;0.881731461;0.740389665;0.672177862;0.000255869;-0.066635222;0.073018492;0.995102028;23.01805221;1.537564131;0.152577581
0.625339616;-0.773986713;0.922252581;0.777843017;0.628458623;2.58E-05;-0.06253484;0.077358431;0.995040234;-12.63464693;1.030763893;0.10303188
0.13759567;-0.985501697;-1.078152881;0.990391982;0.138288513;-9.99E-05;0.013825863;-0.098298991;0.995060879;4.468708118;1.220769944;-0.12174089
-0.775968918;-0.629917232;-0.339858956;0.630765797;-0.774697642;0.044475525;-0.002597789;0.055207279;0.998471536;20.45394844;17.89308885;0.319092693
0.848019133;-0.520792546;0.847356606;0.523368558;0.85210623;-0.00057018;-0.083360075;0.051866148;0.99516883;-1.582622394;1.960690634;0.192853225
0.663626228;0.743723405;-1.224497112;-0.745229726;0.666631126;0.015349198;0.065060627;0.049783918;0.996638689;20.24815787;8.017271194;-0.539026846
0.780316511;-0.618401146;-1.188300024;0.621398733;0.783483859;0.004081295;0.0704965;-0.061098811;0.995639081;19.97375866;4.087250982;-0.368791833
0.882497506;0.459675228;-1.06664882;-0.461965054;0.886898127;2.10E-05;0.088240811;0.045939052;0.995039277;12.23595834;1.021185098;-0.102085153
-0.868168199;-0.486211951;0.91724006;0.488636742;-0.872487324;5.15E-05;0.08670705;0.048619005;0.995046773;-14.26960473;1.094170381;0.109290518
-0.637382895;-0.764795858;-1.181531472;0.768399279;-0.63996141;-0.003455593;-0.05749428;-0.074408931;0.995569043;0.49675481;3.806723682;-0.348743552
0.580299172;0.808935672;0.705051942;-0.812725401;0.582637774;0.003262831;-0.052252201;-0.078462116;0.995546786;20.93446695;3.716335432;0.342057698
-0.893029611;-0.438893938;-1.074042915;0.441069665;-0.897472866;7.18E-05;-0.089194531;-0.043755748;0.995052647;15.12917936;1.148411004;-0.114632584
-0.682497762;-0.724849309;-1.183503781;0.728285597;-0.685264135;-0.003627006;-0.061618942;-0.07075694;0.99558855;0.481083219;3.885416081;-0.354475093
0.785475918;0.610844935;-1.066883344;-0.613888207;0.789392975;2.31E-05;0.078542039;0.061050767;0.995039674;12.41176036;1.025164967;-0.102478544
0.860506825;-0.499892061;0.846707729;0.502367229;0.86465417;-0.000577349;-0.084588245;0.049810577;0.995170204;-1.570229645;1.96864664;0.193598587
-0.986212287;-0.132235952;-1.066007213;0.132896772;-0.991129884;-1.43E-05;-0.098609193;-0.013236509;0.995038201;8.783759197;1.010314972;-0.101010415
0.885667919;-0.453655783;0.886612572;0.455872991;0.890044812;0.000221272;-0.088159818;0.044907283;0.995093555;23.25603234;1.477100521;0.146731519
-0.662791401;0.747741403;-1.047238293;-0.748788124;-0.661488951;0.041817616;0.004889104;0.057577438;0.998329072;20.37368638;16.89605657;-0.381167277
-0.443382692;0.891315417;0.719939082;-0.8954577;-0.4451373;-0.002879612;0.039589094;-0.086079096;0.995501428;-0.56012419;3.529825785;0.327920301
-0.829684198;-0.549323005;-1.074523552;0.552047453;-0.833812691;7.49E-05;-0.082871835;-0.054778034;0.995053579;15.23970928;1.156810316;-0.115458796
-0.780023428;0.620235494;-1.224451451;-0.621463123;-0.783332127;-0.013204762;-0.073123452;0.041215426;0.996470897;0.192541112;7.330799643;-0.523112136
0.983149516;-0.153672439;0.890494861;0.154411942;0.988006535;0.000195425;-0.097846727;0.015095283;0.995087006;23.47411281;1.428916908;0.14205864
-0.681616988;0.724912298;0.924454955;-0.728528147;-0.685015868;-7.38E-06;0.068154387;-0.072494278;0.995037466;-9.459084961;1.002825139;0.100269657
0.991396338;-0.086907595;0.833944168;0.087398209;0.996173189;-0.000727927;-0.097441546;0.009276147;0.99519802;-1.356524039;2.125021538;0.208147718
0.677813202;-0.729228791;-1.183293117;0.732683334;0.680560146;0.003608294;0.061191462;-0.071156581;0.995586433;19.9357863;3.876898645;-0.353858756
-0.700565881;0.706616618;0.924439031;-0.710141239;-0.704059245;-7.64E-06;0.070049032;-0.070664947;0.995037486;-9.43282109;1.00302733;0.100289657
0.664626683;0.740531089;-1.070040318;-0.744221607;0.667932779;-4.58E-05;0.066374475;0.074023707;0.995045185;6.450085833;1.079086121;-0.10780292
0.040151743;-0.994596444;-1.161615531;0.999192066;0.0401345;0.002106498;0.001747279;-0.09574516;0.995404346;19.7317423;3.11714715;-0.295057133
0.631277617;0.769232878;-1.095789828;-0.773001603;0.634404014;0.000261182;0.062905414;0.076238615;0.995103302;17.85119961;1.546483989;-0.153438292
0.891646811;-0.441683787;0.917044985;0.44388701;0.896082764;-5.24E-05;-0.089052163;0.044171403;0.995047034;-6.102957337;1.096633104;0.10953331
0.145343929;0.984457801;-1.104545701;-0.989281771;0.146018619;-0.000374629;0.014025682;0.097577667;0.995129077;2.05741852;1.718756404;-0.169968715
-0.247210009;0.966324541;-1.209197327;-0.968138589;-0.249366509;-0.022891391;-0.039935989;0.063507681;0.997181975;0.117997007;10.4164192;-0.557926514
-0.713076298;-0.694039057;-1.083220241;0.697486205;-0.716598196;-0.000138616;-0.070959053;-0.069259026;0.995071857;3.73038778;1.311721825;-0.13064391
-0.44921887;-0.887863519;-1.065461314;0.892291904;-0.451458922;-4.56E-06;-0.044917315;-0.088787464;0.995037296;9.743354024;1.001086894;-0.100097715
0.973528507;-0.205824133;0.916028195;0.206853951;0.978371831;-5.72E-05;-0.097230084;0.020615202;0.995048403;-5.875995747;1.109463832;0.110797881
0.529318622;0.843154169;0.710930921;-0.847089548;0.531441091;0.003108869;-0.047550959;-0.081617491;0.99552875;20.9511585;3.642562875;0.3365204
0.396808324;0.912496404;-1.067643383;-0.917042888;0.398788592;2.92E-05;0.039692513;0.091202911;0.995040971;12.89378432;1.038087073;-0.103755457
0.669356569;0.736272538;0.910903556;-0.739925646;0.672688659;-8.15E-05;-0.066871682;-0.073435133;0.995055506;-4.966918401;1.173988803;0.117147708
-0.975155784;0.197922414;-1.066326806;-0.198907502;-0.980018268;-1.79E-05;-0.097503858;0.019771509;0.995038735;8.456112903;1.01572626;-0.101545484
-0.90194819;0.420708032;0.81535654;-0.422632351;-0.906300687;0.000980048;0.088720675;-0.040296608;0.995241089;21.54152163;2.352560986;0.228949613
-0.877991448;-0.468665345;-1.134501681;0.470816053;-0.88223082;0.001011896;-0.086390171;-0.044961923;0.995246283;19.31818527;2.379015642;-0.231337794
-0.70655875;-0.700649251;-1.075293776;0.704125435;-0.710075605;8.01E-05;-0.070584028;-0.069880341;0.99505509;15.40765546;1.170304406;-0.116785575
-0.994846414;-0.021730481;-1.088251461;0.021856018;-0.999761112;-0.000182668;-0.099009731;-0.002346289;0.995083699;3.179870491;1.404049607;-0.139642268
0.852720205;0.513219924;0.811081908;-0.51558062;0.856840437;-0.00104356;-0.08393376;-0.049292743;0.9952514;-1.078919049;2.404895433;0.233667701
-0.995033043;-0.003263798;-1.066123603;0.003281642;-0.999994615;-1.57E-05;-0.099491078;-0.00034212;0.995038395;8.655838243;1.012284921;-0.101205216
0.978502979;-0.181489075;0.836929134;0.182432791;0.983218083;-0.000691076;-0.096177945;0.018544984;0.995191382;-1.401854949;2.088467625;0.204764359
0.027888617;-0.997536971;0.10240807;0.999261687;0.026118955;-0.028175912;0.026425497;0.065098317;0.997528898;-0.093268696;12.13522419;0.541753343
0.197274351;0.97569702;0.741493189;-0.980208197;0.197955294;0.002364608;-0.016574676;-0.093962901;0.995437719;21.05560307;3.261460692;0.30679083
0.916973016;-0.389558391;0.500282598;0.390163355;0.920687275;0.010368124;-0.083264904;0.024066594;0.996236797;20.65039896;6.402850843;0.492957192
-0.340851377;-0.935156212;-1.151185886;0.939482215;-0.342593907;0.001607143;-0.03454717;-0.090068164;0.995336234;19.60049733;2.812192996;-0.269451237
-0.690605412;0.716692395;0.799515652;-0.720007192;-0.693965519;0.001225782;0.068218831;-0.069020797;0.995280021;21.39196655;2.546577385;0.246308092
-0.226936605;0.968841421;0.904546536;-0.973649152;-0.228051126;-0.000113435;0.022519021;-0.09663842;0.995064777;-4.172004971;1.25372252;0.124970759
0.995027265;0.00666564;-1.072437702;-0.006704924;0.99997752;-6.13E-05;0.099376986;0.000727323;0.99504959;5.69602063;1.120476623;-0.111882784
0.930932009;0.351380531;-1.066505536;-0.353130568;0.935574049;1.97E-05;0.093082741;0.035112974;0.995039036;12.11957816;1.018755312;-0.101844953
0.043962128;0.994436082;0.752874163;-0.999030974;0.043961918;0.002112292;-0.00210793;-0.095729981;0.995405107;21.10407855;3.120472928;0.295330387
-0.854245334;0.51027709;-1.070838699;-0.512821633;-0.858495177;5.10E-05;-0.085316362;0.051022756;0.99504663;14.24417863;1.092826835;-0.109158053
-0.069238655;-0.993001575;-1.162443289;0.99758998;-0.069351315;-0.002151261;-0.004499045;-0.095594284;0.995410213;0.677471944;3.14273082;-0.29715572
0.573713575;0.813072677;-1.096477348;-0.817056605;0.576557396;0.000269173;0.057194737;0.080587783;0.995105206;17.89779945;1.559734706;-0.154716066
0.919997246;-0.380990479;-1.197580164;0.383044616;0.923715502;0.005147123;0.082957156;-0.039949043;0.99575207;20.03804899;4.530765817;-0.398281294
0.309085417;-0.945814628;-1.065426202;0.950531987;0.310626692;3.07E-06;0.030905458;-0.094581958;0.995037238;10.52349426;1.00049398;-0.100039063
-0.724716228;0.681825521;0.924417263;-0.685226528;-0.728330011;-7.99E-06;0.072463748;-0.068186164;0.995037513;-9.398318735;1.003303714;0.100316995
-0.517669958;0.850092598;0.78865994;-0.854027177;-0.520226481;0.001410537;0.051530533;-0.08189617;0.995307802;21.30816135;2.679715383;0.258001825
0.880829213;0.462860725;0.92421463;-0.465169951;0.885221394;1.07E-05;-0.088072774;-0.046292901;0.995037765;-11.28873048;1.005876281;0.100571444
0.830872481;0.547510983;-1.0707168;-0.550240815;0.835006013;-5.02E-05;0.082981713;0.054741945;0.995046408;6.214613022;1.090726103;-0.10895092
-0.26853484;-0.958121281;0.921354888;0.962895079;-0.269876019;-3.10E-05;0.026872034;0.095762963;0.99504138;-7.393737264;1.042137581;0.104155593
-0.615647721;-0.7823871;-1.180622351;0.786064564;-0.618135164;-0.00337934;-0.055501208;-0.076021998;0.99556028;0.504135073;3.771218136;-0.346130283
0.747457476;-0.65771038;-1.18659301;0.660868849;0.750491207;0.003913148;0.067525446;-0.064652955;0.995620565;19.96110711;4.013602541;-0.363632092
0.885065671;-0.455004069;0.845323808;0.457262784;0.889331431;-0.000592795;-0.087002897;0.04539716;0.995173148;-1.544346797;1.985612744;0.195186447
0.891740028;-0.444415703;0.48626904;0.445178604;0.895374863;0.010948352;-0.081337164;0.028258416;0.996285967;20.64110447;6.595409716;0.50007457
0.74925491;-0.654817975;-1.083548651;0.65807109;0.752955789;0.000141309;0.074562188;-0.065352885;0.995072601;16.72872558;1.317685403;-0.13122636
-0.714762019;-0.693077423;-1.184996436;0.696381761;-0.71766168;-0.003762461;-0.064557716;-0.067863086;0.995603788;0.469518188;3.946568615;-0.35887137
0.980149822;-0.172377338;0.83664476;0.173277366;0.98487282;-0.000694543;-0.096339403;0.017651662;0.995192011;-1.397425054;2.09195042;0.205087194
0.992625255;0.071682371;0.828713702;-0.071949466;0.997407962;-0.000794923;-0.097562176;-0.006244618;0.99520984;-1.282904374;2.189058312;0.21404787
-0.871944152;0.47966667;-1.116902948;-0.482044288;-0.876146656;0.000584298;-0.085712899;0.047821778;0.995171531;18.86007226;1.976308975;-0.19431598
0.962257531;0.253300473;0.92400016;-0.25456487;0.9670557;1.30E-05;-0.096214192;-0.025340548;0.995038032;-11.51242695;1.008598674;0.100840687
-0.723332355;-0.683318784;-1.075196498;0.68670889;-0.726932523;7.94E-05;-0.072257897;-0.068150902;0.995054898;15.38703121;1.168597804;-0.116617817
0.993945549;-0.046621039;-1.06608342;0.046855032;0.9989017;1.52E-05;0.099382353;-0.004676863;0.995038328;11.7198212;1.01160471;-0.101137954
0.20150985;0.974500869;-1.100621592;-0.979276059;0.202529744;0.000320563;0.020302224;0.096590677;0.995117109;18.15332417;1.640585601;-0.16249027
0.729691814;-0.676589767;0.882947466;0.679903415;0.733301633;0.000247028;-0.07267188;0.067044773;0.995099893;23.07399918;1.522512677;0.151124191
-0.402172573;-0.910639442;-1.172700639;0.914865415;-0.403749354;-0.002780628;-0.035756041;-0.087876428;0.995489447;0.573112347;3.479979703;-0.324065132
0.856345897;0.507145649;0.8113767;-0.509477737;0.860483211;-0.001039114;-0.084286064;-0.048702513;0.995250684;-1.081862797;2.401285935;0.233343126
0.523659619;-0.848388745;0.329448003;0.850086332;0.526340428;0.017860081;-0.055980642;0.056588793;0.996826904;20.56805429;8.814562682;0.551286887
0.386714865;-0.917305707;-1.172180518;0.921560648;0.388224724;0.002745068;0.034315955;-0.088497475;0.995485114;19.84055942;3.461886857;-0.322657885
-0.953495293;0.284693262;-1.09064945;-0.286078456;-0.958206175;-0.000205912;-0.094899117;0.028118887;0.995089687;2.962152294;1.448806849;-0.143989062
-0.919019377;0.381449523;0.924133971;-0.38335284;-0.923601971;-1.16E-05;0.091891156;-0.038153135;0.995037865;-9.040407405;1.006900186;0.10067271
-0.950665123;0.293833749;-1.066435596;-0.295296936;-0.955405526;-1.90E-05;-0.095055472;0.029359985;0.995038918;8.358704041;1.017569748;-0.101727745
-0.678972198;0.727436233;0.900327832;-0.731048629;-0.68232535;-0.000136257;0.067562246;-0.072585421;0.995071203;-3.766854326;1.306463401;0.130130193
0.644816653;0.757843102;-1.069973669;-0.761619798;0.648024136;-4.53E-05;0.064395399;0.075753225;0.995045065;6.474479965;1.07794098;-0.107689953
-0.603113366;0.793711389;-1.223723657;-0.795315424;-0.605972924;-0.016437481;-0.061054433;0.053094692;0.99672128;0.160773771;8.363269094;-0.545136113
-0.372738737;-0.924955584;0.270041236;0.926749642;-0.375115335;-0.020581226;0.046914129;0.061201742;0.997022272;-0.131176259;9.678478687;0.557673421
0.984921649;0.141869916;-1.089494582;-0.142551234;0.989787405;0.000194526;0.09802291;0.013921895;0.995086775;17.3545734;1.427189451;-0.141890884
0.990006268;-0.100063008;-1.072791531;0.10055444;0.994931556;-6.36E-05;0.098875651;-0.00992944;0.995050256;5.600875669;1.126618664;-0.112487653
-0.563595929;-0.820356363;-1.145016558;0.824153305;-0.566365144;0.001361234;-0.055954961;-0.079031398;0.995300498;19.50832884;2.645086159;-0.254977997
-0.969854784;-0.222671605;0.88966567;0.223751199;-0.974646275;-0.000200824;0.096525122;0.0219544;0.995088391;-3.006580614;1.439215388;0.143058418
-0.944441513;-0.313301948;-1.073548648;0.314853476;-0.949140287;6.85E-05;-0.094326649;-0.031218668;0.995051696;15.01046873;1.139790482;-0.113784323
0.910007339;0.402476017;0.924155109;-0.404484169;0.914545;1.14E-05;-0.090990106;-0.040255426;0.995037839;-11.35539125;1.006631871;0.100646174
0.075688221;-0.992532156;-1.16262788;0.997118445;0.075829646;0.002161355;0.005108799;-0.095549905;0.995411531;19.74310568;3.148466357;-0.297625114
-0.935261917;-0.339725494;-1.073648946;0.341408359;-0.939915064;6.92E-05;-0.093410268;-0.03385648;0.995051888;15.03499268;1.141538404;-0.113956342
-0.889569836;-0.446135195;0.845051582;0.448351165;-0.893857303;0.000595859;0.08744564;0.044525382;0.995173729;21.95786324;1.988949714;0.195498494
-0.932205444;0.347984839;0.924099872;-0.349721307;-0.936853781;-1.20E-05;0.093209533;-0.034807249;0.995037908;-9.004690748;1.007333025;0.100715518
0.345790311;0.933490572;0.729108517;-0.937816062;0.347122438;0.002654667;-0.030497452;-0.090007583;0.995474028;21.00928414;3.415429763;0.319025283
0.894074455;-0.436761502;-1.074034113;0.438926632;0.898522903;-7.17E-05;0.089298826;-0.043542892;0.99505263;5.291410394;1.148257347;-0.114617467
0.9267523;-0.362257612;-1.065819964;0.364065241;0.931373448;1.18E-05;0.092664314;-0.036234276;0.99503789;11.39866174;1.007147533;-0.100697173
-0.265723878;-0.961365853;0.227181384;0.963179784;-0.267911042;-0.022547216;0.040933167;0.063240581;0.997158515;-0.119847365;10.30608319;0.558178117
-0.351257641;0.930976479;0.924626676;-0.935619847;-0.35300921;-3.51E-06;0.035122242;-0.093098298;0.995037253;-9.850342729;1.000644605;0.100053963
-0.73693464;0.67503436;-1.015606719;-0.675955816;-0.735654157;0.04355107;0.003327341;0.056049748;0.998422433;20.37972454;17.54342305;-0.342658769
0.954624455;-0.280735839;0.916350538;0.282138305;0.95937374;-5.57E-05;-0.095342161;0.028096528;0.995047967;-5.945779074;1.105397272;0.110397156
-0.966611113;-0.239502645;-1.202546511;0.241018627;-0.97050284;-0.005853069;-0.087022854;-0.027617387;0.99582343;0.348511036;4.80726338;-0.41528112
0.991757748;0.08073567;-1.066204851;-0.08113658;0.996702992;1.66E-05;0.099163627;0.008055833;0.995038531;11.84569555;1.013660575;-0.101341241
0.875884733;0.472230805;0.897353271;-0.474581065;0.880211787;0.00015324;-0.087170798;-0.047172847;0.995075864;23.94095741;1.343573816;0.133752888
0.995035848;-0.005243693;-1.072476593;0.005263633;0.999986145;-6.15E-05;0.099377843;-0.000461853;0.995049663;5.68539495;1.121151293;-0.111949232
0.99303103;0.063870653;0.89295966;-0.064204115;0.997936771;0.000179764;-0.098829169;-0.006537608;0.995082939;23.62849775;1.398280051;0.139081187
0.008504477;-0.995087863;0.869639217;0.999963717;0.008511255;-0.000352049;-0.000489143;0.098629122;0.995124142;-2.138093669;1.686871333;0.166922995
0.476118915;-0.874050162;-1.147483839;0.878095363;0.478483454;-0.001455612;0.047532234;-0.084201539;0.995314416;0.871841985;2.710852321;-0.260709863
-0.126481049;-0.986989833;-1.078206796;0.991887499;-0.127118762;0.000100282;-0.012717468;-0.098447394;0.995060991;15.95899602;1.221727354;-0.121834797
0.403672847;0.909476449;0.924609376;-0.914012606;0.405685784;4.06E-06;-0.040363206;-0.090948523;0.995037275;-10.62479758;1.000864298;0.100075696
0.142558296;0.984854879;-1.101268539;-0.989680717;0.143289815;0.000329102;0.014464143;0.097616061;0.995119035;18.18967205;1.653362516;-0.16371523
0.938322146;0.33156855;-1.119454225;-0.333232973;0.942844304;-0.000635997;0.092235222;0.033270339;0.995181264;1.47736126;2.031858381;-0.199503253
0.676378796;-0.730558531;-1.1832289;0.734018621;0.679119787;0.00360261;0.061060529;-0.07127796;0.995585789;19.93528161;3.874307729;-0.353671078
-0.643453012;-0.759699312;-1.181789871;0.763281332;-0.646056897;-0.003477577;-0.058050231;-0.073942148;0.995571559;0.494675469;3.816901952;-0.349489574
0.005717573;-0.997870174;0.112327552;0.999607559;0.003921313;-0.027737188;0.027423305;0.065113283;0.997500989;-0.095107659;11.99046009;0.543968907
0.973505841;-0.206122904;0.889867233;0.207120942;0.978315325;0.000199505;-0.096888046;0.020309421;0.995088053;23.43688779;1.436712357;0.142815474
0.923966103;-0.369413267;-1.085725215;0.371255416;0.92853077;0.000159787;0.091956823;-0.03693843;0.995077633;16.98018115;1.357429546;-0.135103797
0.989026007;-0.110801572;-1.12717532;0.111255155;0.993791542;-0.000812701;0.097210325;-0.010068852;0.995212927;1.265024551;2.20556971;-0.215563497
-0.992504519;-0.070967784;0.923614218;0.071319999;-0.997453486;-1.65E-05;0.099238286;0.007079283;0.995038515;-8.582491477;1.01349643;0.10132501
0.808761121;0.579761458;-1.093423855;-0.582599093;0.812759646;0.000234783;0.08052171;0.057431792;0.995096902;17.68029869;1.501224822;-0.149066448
0.549731024;0.829398192;-1.067357957;-0.833530619;0.552473264;2.70E-05;0.054977349;0.082897113;0.995040481;12.72551445;1.033229925;-0.10327556
-0.138713354;0.985321082;0.924669811;-0.990235441;-0.13940506;-1.36E-06;0.013869971;-0.098532204;0.9950372;-10.07009879;1.000096825;0.099999775
-0.171175135;-0.980207657;0.921109106;0.985091486;-0.172031284;-3.23E-05;0.017141666;0.097970332;0.995041696;-7.298042124;1.045250198;0.104463039
0.881953526;-0.460835723;0.886508452;0.463088269;0.886312138;0.000221985;-0.087790844;0.045620512;0.995093733;23.25056195;1.478391602;0.14685656
0.309545271;-0.94568731;-1.077323713;0.950380063;0.311091188;-9.40E-05;0.030975171;-0.09432807;0.995059171;4.614364101;1.206072888;-0.12029885
0.162484073;-0.981685775;0.921086943;0.986576968;0.163296926;3.24E-05;-0.016273077;0.098118056;0.995041725;-13.12891282;1.045530842;0.104490757
0.874184223;0.475291562;0.924226674;-0.477662768;0.878543272;1.06E-05;-0.087408382;-0.047535785;0.99503775;-11.27471619;1.005723395;0.100556323
0.869467109;-0.483885376;0.917229812;0.48629859;0.873792698;-5.15E-05;-0.086836791;0.048386617;0.995046786;-6.146481981;1.094299759;0.109303273
0.976030341;0.19776191;0.613189189;-0.199122808;0.979955712;0.006075358;-0.087834391;-0.024021441;0.995845415;20.75820811;4.892102978;0.420283681
-0.995080854;0.002565009;-1.088432195;-0.002559332;-0.999996708;-0.000184367;-0.099033047;7.00E-05;0.995084143;3.16258601;1.407405588;-0.139968555
-0.870051933;0.482817675;-1.066681768;-0.48522285;-0.874390522;-2.13E-05;-0.086996664;0.048252534;0.995039333;8.156838194;1.021744015;-0.102140402
0.171975166;-0.980086741;-1.077986544;0.984950165;0.172838545;-9.87E-05;0.017254415;-0.097758975;0.995060535;4.497253484;1.217817515;-0.121451278
0.224090688;0.969475334;0.924657321;-0.974310678;0.225208133;2.21E-06;-0.022406852;-0.096947787;0.995037215;-10.43527122;1.000255451;0.100015467
0.878300863;0.469092193;0.6539521;-0.471490706;0.881858303;0.004737965;-0.079272375;-0.047733093;0.995709517;20.82092532;4.364750698;0.387562351
-0.716962372;0.690802611;0.686444756;-0.694097534;-0.719871088;-0.003772149;0.064757776;-0.067656256;0.995604872;-0.468716696;3.95090921;0.359181489
0.454431002;0.885523761;0.784802873;-0.889621846;0.456695503;-0.001479366;-0.045447059;-0.085304666;0.995317878;-0.862817677;2.727069682;0.262116214
-0.056563104;-0.99342822;-1.065397893;0.998383007;-0.056845161;-5.52E-07;-0.005655756;-0.099342838;0.995037192;10.15266761;1.000016011;-0.099991781
-0.814434481;-0.571724579;-1.084212355;0.574566728;-0.818457728;-0.000146827;-0.081052762;-0.057078482;0.995074116;3.609976018;1.329763967;-0.132405538
-0.991992194;-0.088454004;-1.207511766;0.089417217;-0.995971761;-0.006694151;-0.089196682;-0.014701683;0.995905524;0.317604945;5.123546834;-0.433422317
-0.498780456;0.861005911;-1.069534761;-0.86529619;-0.501260913;4.24E-05;-0.049805231;0.086059974;0.99504428;13.77735796;1.070407158;-0.106946629
-0.994950703;0.022556918;0.830371251;-0.022589585;-0.999744524;0.000773358;0.097789613;-0.001439744;0.995206068;21.72400015;2.168766567;0.212182019
0.994321651;-0.037759187;-1.066091542;0.037949002;0.999279677;1.53E-05;0.099419955;-0.003790876;0.995038342;11.72858871;1.011742189;-0.101151548
-0.407400041;0.908314484;0.723434961;-0.912530366;-0.408999427;-0.00279284;0.036242765;-0.087659954;0.995490931;-0.571469772;3.486170184;0.324545656
-0.959608135;-0.263353097;0.889162153;0.264633153;-0.964349134;-0.000204134;0.095506656;0.025997945;0.995089235;-2.977492176;1.445467056;0.143665062
0.069693903;0.992682856;-1.103656713;-0.997546964;0.069999451;-0.000361897;0.006543246;0.098391178;0.995126305;2.101935689;1.700904624;-0.168264283
0.43939302;-0.892770989;0.921780712;0.89721919;0.441585467;2.86E-05;-0.04394883;0.089231366;0.995040835;-12.84854133;1.036743437;0.103622711
0.428149593;-0.900545781;0.29192999;0.90231493;0.430632696;0.019576737;-0.050156695;0.059772713;0.996951117;20.5560626;9.359164205;0.556107081
0.783487292;-0.613390142;-1.065638591;0.616449917;0.78739412;8.89E-06;0.078340047;-0.061343567;0.995037589;11.11011041;1.00408159;-0.100393936
-0.980645222;-0.168919321;0.890314085;0.169733985;-0.985489896;-0.000196597;0.097597763;0.016611054;0.995087308;-3.044786138;1.43116248;0.142276687
0.983725063;0.149689622;-1.071979075;-0.150440223;0.988619106;-5.83E-05;0.098248357;0.015009367;0.995048732;5.824635389;1.112528239;-0.111099811
0.87439289;0.474907569;0.924226303;-0.47727686;0.878752979;1.06E-05;-0.087429245;-0.047497392;0.99503775;-11.27515073;1.005728104;0.100556788
-0.813007378;-0.581476508;-0.373707561;0.582250057;-0.811743383;0.045360235;-0.00196855;0.054385201;0.998518089;20.45056866;18.2306674;0.293996836
-0.162590879;0.981745841;-1.101048256;-0.986556473;-0.163420375;-0.000326178;-0.016447844;0.097308192;0.995118377;2.241127516;1.64900721;-0.163297787
-0.279891741;0.954865378;-1.067860038;-0.959622955;-0.2812895;-3.08E-05;-0.028007092;0.095437553;0.995041344;7.405075993;1.041777458;-0.10412002
-0.984932737;0.141454548;-1.066266679;-0.142158146;-0.989843958;-1.73E-05;-0.098481297;0.0141262;0.995038635;8.512569908;1.014707708;-0.101444777
-0.891870641;-0.441244346;-1.074052634;0.443431753;-0.896308136;7.18E-05;-0.089078844;-0.043990362;0.995052666;15.13146114;1.148580698;-0.114649279
-0.949713959;-0.299461418;-1.20048217;0.30120315;-0.953543869;-0.005545563;-0.085557337;-0.032816917;0.995792645;0.361636076;4.688224018;-0.408092926
-0.392707839;0.91426458;0.924613241;-0.918824613;-0.394666099;-3.95E-06;0.039266823;-0.091427285;0.99503727;-9.805679144;1.000815223;0.100070841
-0.831030514;0.54736128;-1.09308061;-0.55003956;-0.835138569;-0.000231092;-0.082733107;0.054214384;0.995095992;2.764470892;1.494701972;-0.148435431
0.985974229;0.133999394;0.923866968;-0.134669005;0.990890639;1.43E-05;-0.098585392;-0.013412817;0.995038199;-11.63300135;1.010289105;0.101007858
0.657631318;0.746826571;-1.095465896;-0.750485269;0.660887127;0.000257467;0.065520308;0.074015392;0.995102412;17.82878551;1.540256388;-0.152837415
0.890925676;-0.443119088;0.923038903;0.445326393;0.895368306;2.08E-05;-0.089083354;0.044283975;0.995039238;-12.21776206;1.020794557;0.102046547
-0.557510927;-0.824317992;0.857730499;0.82836298;-0.560191539;0.000461892;0.05473884;0.081763604;0.995147412;22.22457842;1.833377621;0.18086202
0.449945133;0.887576335;-1.097891726;-0.891925727;0.452181839;0.000286082;0.044920759;0.087976329;0.995109185;17.98970214;1.587137582;-0.157355321
-0.992792437;0.069325817;0.828794102;-0.069581672;-0.997575942;0.00079387;0.097578523;-0.006014189;0.995209657;21.70250568;2.188074083;0.21395745
0.964826877;-0.243384471;-1.073291082;0.244588449;0.969626983;-6.68E-05;0.096361757;-0.02423867;0.995051204;5.472090461;1.135305041;-0.113342839
0.778010521;-0.620522131;0.850516171;0.623579872;0.781759462;-0.000535941;-0.076470734;0.061680045;0.995162197;-1.645434841;1.921939513;0.18921598
0.863944806;0.494086362;0.812003201;-0.496356922;0.868117933;-0.001029697;-0.08502457;-0.047433335;0.995249165;-1.088165079;2.393615109;0.232652936
-0.524114234;0.845942831;-1.109623465;-0.850092818;-0.526632696;0.000453117;-0.051443867;0.083897143;0.995145616;18.59069716;1.822398333;-0.179822457
0.967186292;0.233954747;0.894794641;-0.235127803;0.971964448;0.000168472;-0.096257945;-0.023458227;0.995079956;23.7527113;1.375447288;0.136859101
-0.705185952;0.704342488;-1.224726147;-0.705765153;-0.708295524;-0.014594521;-0.067884619;0.047107433;0.996580437;0.177617299;7.776584065;-0.534034341
-0.174841567;0.979650279;-1.10489997;-0.9844508;-0.175660121;0.000379785;-0.016942506;0.097102284;0.995130191;18.37845667;1.725894259;-0.170649638
-0.718767258;-0.688097423;0.92250326;0.691525702;-0.722351856;-2.43E-05;0.071873732;0.068773056;0.995039915;-7.907271201;1.027586355;0.10271786
0.115064881;-0.988361824;-1.065400883;0.993291347;0.115638662;1.13E-06;0.011505357;-0.098836248;0.995037197;10.32458125;1.000066487;-0.099996774
0.560078625;0.822575712;-1.110194614;-0.826612242;0.562771701;-0.000462586;0.05499214;0.081591731;0.995147554;1.804364474;1.834240492;-0.180943684
0.921676164;0.375127391;-1.091430583;-0.376958004;0.926230327;0.000213821;0.091737188;0.037105561;0.995091687;17.52223419;1.463495168;-0.145413307
0.823642068;0.558705046;0.808800601;-0.561279756;0.827625442;-0.001078303;-0.081109675;-0.053710323;0.995256963;-1.056596978;2.432830431;0.236175469
-0.982278462;0.158839446;0.923895454;-0.159632898;-0.987176447;-1.40E-05;0.098215891;-0.015896309;0.995038163;-8.810383329;1.009927588;0.100972107
-0.608397902;0.787454229;-1.096066083;-0.791312412;-0.611411969;-0.000264375;-0.060635454;0.078046406;0.995104065;2.548440784;1.551802892;-0.153951317
0.403423953;0.909590901;-1.067631133;-0.914122908;0.405437183;2.91E-05;0.040353737;0.090912509;0.99504095;12.88682316;1.037878512;-0.103734852
0.500164584;-0.860202606;0.919115731;0.864488886;0.502651932;-4.25E-05;-0.049943522;0.085979714;0.995044287;-6.639668845;1.070472522;0.106953079
-0.694106832;0.713051245;-1.095005575;-0.716544043;-0.697541806;-0.000252244;-0.069140003;0.070663649;0.995101155;2.622107673;1.531423758;-0.151984812
-0.311164041;0.945139349;-1.069060761;-0.949848549;-0.3127103;3.93E-05;-0.031059181;0.09446629;0.99504344;13.58417975;1.062285334;-0.106145059
0.957879487;0.273592495;-1.217980166;-0.273846579;0.961728622;0.00927947;0.086457731;0.015006811;0.996142488;20.16684511;6.036183377;-0.478104337
-0.802162516;-0.591257245;0.443174916;0.592413164;-0.805532919;-0.012781217;0.074712387;0.039135489;0.996436888;-0.197563564;7.194057962;0.519311743
0.6975177;-0.709965206;-1.141006869;0.713248608;0.700910079;-0.001218361;0.068887458;-0.068370074;0.995278881;0.977236481;2.54102602;-0.245816559
0.88515737;-0.457416039;0.482804816;0.458215544;0.888771882;0.011093076;-0.080839014;0.029242242;0.996298121;20.63890286;6.643175058;0.501768705
0.115973091;-0.988282184;-1.079414916;0.993186272;0.116537624;0.00010907;0.011457395;-0.098576397;0.995063527;16.15623345;1.243237909;-0.123943613
0.813884411;-0.57266626;0.848984486;0.57549273;0.817806709;-0.000552401;-0.080001769;0.056969656;0.995165401;-1.614461624;1.94072756;0.190980865
-0.568282234;0.816930278;-1.110328222;-0.820939406;-0.571015127;0.00046482;-0.055801383;0.081034839;0.995148009;18.61958247;1.837016251;-0.181206354
-0.81803978;0.56760383;0.668270682;-0.570395459;-0.82135895;-0.004300778;0.073891396;-0.056527591;0.995662942;-0.429454943;4.181696696;0.375299663
-0.066967103;0.993156881;0.751237811;-0.997745986;-0.067069628;-0.00214772;0.004284253;-0.09560897;0.99540975;-0.678196661;3.140716297;0.296990758
-0.731149521;-0.674934193;0.918105972;0.678298197;-0.73478674;4.73E-05;0.073020085;0.067470603;0.995045619;-14.05488057;1.083234331;0.108212097
-0.855995721;-0.508617906;-1.192774974;0.511173141;-0.859465661;-0.004560357;-0.077287415;-0.051250396;0.995690741;0.41289171;4.291145949;-0.382687398
0.203476242;0.974106698;-1.105248562;-0.978880189;0.204434409;-0.000384903;0.019773586;0.096554198;0.995131294;2.023199601;1.732931043;-0.171320594
-0.937398198;-0.337315772;0.512817383;0.33776539;-0.941178723;-0.009856602;0.084847864;0.020017022;0.996192832;-0.240759625;6.231526058;0.486231817
-0.815496782;0.571248319;0.668801266;-0.574054651;-0.818805775;-0.004284923;0.073663122;-0.05685474;0.995661229;-0.430518541;4.174934592;0.374837798
0.836153257;-0.539635598;0.847944755;0.542302561;0.840183084;-0.000563723;-0.082192847;0.053719708;0.995167588;-1.594000777;1.953478588;0.192177147
-0.988322862;0.116911637;0.827151691;-0.117394333;-0.993085044;0.000815529;0.097141605;-0.010666003;0.995213417;21.68075946;2.208179416;0.215802833
-0.925283291;-0.378791219;-0.502127931;0.379276407;-0.924033056;0.048086571;-0.000487699;0.051769913;0.99865892;20.43819443;19.2895561;0.190495635
0.432092917;-0.896639711;-1.148699456;0.900788968;0.434254503;-0.001504021;0.043300652;-0.086372772;0.995321455;0.853695871;2.74376742;-0.263561265
-0.672943167;-0.733017047;-1.082880726;0.736657059;-0.676266486;-0.000135856;-0.06696172;-0.073141301;0.995071092;3.773144869;1.305565621;-0.130042473
-0.962691415;0.251649606;-1.066386635;-0.252902516;-0.967491766;-1.85E-05;-0.096257761;0.025142764;0.995038836;8.401832751;1.016739997;-0.101645711
-0.119978273;-0.987803996;-1.079435615;0.992705713;-0.12056266;-0.000109223;-0.011856687;-0.098528725;0.995063571;4.259044415;1.243607413;-0.12397982
0.410534881;0.906716681;0.782131101;-0.910912269;0.412597265;-0.001528017;-0.041230436;-0.087340465;0.995324919;-0.845047898;2.759889563;0.26495364
0.994938762;0.016989199;0.89244319;-0.017091344;0.999853916;0.000182998;-0.099018915;-0.001874739;0.995083785;23.59501561;1.40470272;0.139705772
-0.498605211;0.861135134;0.902236597;-0.865409337;-0.501065528;-0.000125754;0.049593582;-0.085904698;0.995068269;-3.940679643;1.282616874;0.127798935
-0.847058294;-0.530799974;-0.407610803;0.531498026;-0.845799772;0.046180026;-0.001447678;0.053610948;0.99856085;20.44724469;18.54608624;0.267923631
0.70243228;-0.704764812;0.922458292;0.708276154;0.705935471;2.46E-05;-0.070240888;0.070439128;0.995039973;-12.53395574;1.028156415;0.102774199
0.986409137;-0.164101748;-0.622473215;0.16430768;0.985161383;-0.049598747;3.74E-05;0.050275897;0.998735367;-0.008261238;19.88933003;0.082303817
0.076439408;0.992181135;-1.102000212;-0.997042789;0.076847661;0.000338935;0.007918004;0.098341412;0.995121235;18.22974003;1.667864724;-0.165104374
0.15572526;0.982780608;-1.068093028;-0.987677254;0.156504443;3.25E-05;0.015597599;0.098227474;0.995041747;13.13546089;1.045749471;-0.104512351
0.345529091;0.933140774;0.908593713;-0.937771266;0.347253572;-9.28E-05;-0.034564424;-0.093076599;0.995058816;-4.646003554;1.20299819;0.119997053
-0.656954919;-0.747489534;0.854818784;0.751161874;-0.660117867;0.00049109;0.064545133;0.074187589;0.995153319;22.15664515;1.869136092;0.184241883
0.002296311;0.995039631;-1.068399502;-0.999997345;0.002304284;-3.47E-05;0.000194638;0.099452619;0.99504228;7.131712142;1.050979618;-0.105028867
0.995039691;-0.018045932;0.831714226;0.018207218;0.999833949;-0.000756113;-0.097798315;0.002533542;0.99520303;-1.32427282;2.152324811;0.210667604
-0.839221826;-0.534608932;-1.065693277;0.537275895;-0.843406552;-9.87E-06;-0.083912685;-0.053466601;0.99503768;9.21230653;1.005005777;-0.100485346
-0.104010963;0.989929572;0.762931701;-0.994504556;-0.104676045;0.00190088;0.011933451;-0.095301456;0.995376926;21.15254893;2.996241345;0.285033966
0.935878266;0.340180435;0.634980332;-0.342077426;0.939656574;0.005343931;-0.084349902;-0.03637024;0.995772213;20.7894106;4.609023111;0.403200922
-0.523817396;-0.84603602;-1.081778701;0.85023546;-0.526402552;-0.000127071;-0.052105651;-0.084400267;0.995068639;3.917793481;1.285646087;-0.128095218
-0.150809121;0.983624964;-1.101177747;-0.988444786;-0.151580992;-0.000327895;-0.01528115;0.097494273;0.995118763;2.233898015;1.651566812;-0.163543131
-0.595122085;-0.799737058;0.35759816;0.801352148;-0.597963056;-0.016580686;0.060534615;0.053486654;0.996732029;-0.159580124;8.408732443;0.545847533
0.828020343;0.551799108;0.924299301;-0.554551783;0.832149218;9.66E-06;-0.082792705;-0.05518536;0.99503766;-11.18579737;1.00480138;0.10046513
-0.231003557;0.967949353;-1.105588409;-0.97269283;-0.232095901;0.000389936;-0.022494792;0.095945516;0.995132374;18.41156801;1.739804114;-0.171975627
0.495388928;-0.862961702;0.919133536;0.867261718;0.497852499;-4.24E-05;-0.049466376;0.086255381;0.995044264;-6.644821686;1.070247404;0.106930865
-0.65919431;0.747664241;-1.224457832;-0.749178628;-0.662188283;-0.015429238;-0.064762992;0.050048574;0.996644819;0.169625329;8.042756045;-0.539519347
0.352529192;-0.930814763;-1.150869338;0.935120894;0.354325238;-0.001593701;0.035666268;-0.089652117;0.995334323;0.822461739;2.803397529;-0.268697013
0.925582246;-0.368581948;0.505404029;0.369125096;0.929324203;0.010158246;-0.083929549;0.022447136;0.99621883;20.65396011;6.332746094;0.490250312
0.092218922;-0.99075939;0.920906012;0.995695783;0.092681749;3.34E-05;-0.00925084;0.099024866;0.995041958;-13.1966166;1.047821753;0.104717016
-0.141155246;0.98810481;-1.170427417;-0.989752258;-0.139509686;0.030455134;0.021579251;0.06469878;0.997671491;20.33434828;12.89441897;-0.527667971
-0.693508891;0.714328743;0.690013878;-0.717721242;-0.696320857;-0.003671905;0.062622967;-0.069797649;0.995593618;-0.477173806;3.905783614;0.355944948
0.991594939;-0.08461343;0.833870737;0.085093065;0.996372741;-0.000728847;-0.097460999;0.009051434;0.995198184;-1.355440634;2.125920682;0.208230802
-0.194174046;-0.97593525;-1.079825277;0.980778137;-0.195126197;-0.000112117;-0.019253185;-0.097345546;0.9950644;4.198777743;1.250569405;-0.124661908
0.955361219;0.278367025;-1.09059645;-0.279721052;0.960081294;0.000205382;0.095084563;0.027490152;0.995089552;17.45181548;1.447812208;-0.143892576
-0.988980627;-0.110062797;0.891005047;0.110587295;-0.993866396;-0.000192136;0.098426467;0.010759519;0.995086159;-3.086453118;1.422578429;0.141443026
-0.580316186;-0.808373143;0.880060441;0.812334007;-0.583192412;-0.000268263;0.057849684;0.080121612;0.99510499;-2.525920872;1.558235765;0.154571573
0.690303389;-0.716734169;0.882152146;0.720245059;0.693719677;0.000252794;-0.068762537;0.071029154;0.995101288;23.03717342;1.53235782;0.152074997
-0.114131682;-0.988470021;-1.065400819;0.993400083;-0.114700809;-1.12E-06;-0.011412047;-0.098847067;0.995037197;10.09487998;1.000065409;-0.099996668
-0.934711329;-0.344710777;0.511086859;0.345182664;-0.938483025;-0.009926783;0.084638406;0.020593511;0.9961989;-0.239499331;6.255126785;0.487180474
0.232791304;-0.96750419;0.87393941;0.972245143;0.233964276;0.000316105;-0.023400668;0.095897651;0.995116098;22.70329903;1.633846815;0.1618438
0.926719899;0.364356978;0.638578636;-0.366346881;0.930463671;0.005226732;-0.083547544;-0.038488289;0.995760242;20.79504863;4.562538591;0.400288978
-0.786963612;0.608982311;0.898888608;-0.612008713;-0.790851007;-0.000144379;0.078317358;-0.060788407;0.995073445;-3.644860244;1.324426712;0.131884569
-0.880814616;-0.462908164;0.917137705;0.465216996;-0.88519667;5.20E-05;0.08797022;0.046291339;0.99504691;-14.29382333;1.095462604;0.109417917
0.712899179;-0.694220983;-1.083218689;0.697669031;0.716420201;0.000138603;0.070941412;-0.069277145;0.995071853;16.68794049;1.311693667;-0.130641159
-0.340264523;-0.93875862;-0.050268501;0.940224149;-0.338791851;0.034621252;-0.014092696;0.062867597;0.997922372;20.48756555;14.31658862;0.490212952
-0.300073403;-0.948716555;0.921433761;0.953443498;-0.301571709;-3.05E-05;0.030024147;0.09482301;0.995041279;-7.425334107;1.041138586;0.104056911
0.916640035;-0.387135483;0.923138879;0.389063742;0.921210836;2.01E-05;-0.091653978;0.038687381;0.995039112;-12.15736293;1.019526561;0.101921198
0.183567192;-0.977958143;-1.065407039;0.982835786;0.184482565;1.80E-06;0.018354909;-0.097795983;0.995037207;10.39387515;1.000170422;-0.100007056
0.525478801;-0.844968246;-1.06548779;0.849182737;0.528099119;5.42E-06;0.052542455;-0.084498417;0.99503734;10.76257822;1.001534006;-0.100141943
0.993219904;-0.06032195;-1.072658297;0.060615776;0.998161171;-6.27E-05;0.099196522;-0.005961423;0.995050005;5.636304277;1.124304867;-0.112259807
-0.671242447;-0.734539707;0.918403357;0.738200401;-0.674581474;4.59E-05;0.067035402;0.073425157;0.995045226;-13.97670591;1.079476859;0.107841465
-0.555382242;-0.825644256;-1.076110007;0.829741152;-0.558148379;8.56E-05;-0.055499425;-0.082352594;0.995056714;15.57452987;1.184650897;-0.118195357
-0.889252142;-0.446768005;0.845070995;0.448987024;-0.893538078;0.00059564;0.087414413;0.044587583;0.995173687;21.95821927;1.988711749;0.195476245
0.208572748;-0.975461129;0.203846296;0.977272588;0.210667205;0.023613914;-0.037890595;0.063991526;0.99723086;20.53274773;10.6485803;0.557074798
-0.571220608;-0.814746856;0.922112782;0.818806274;-0.574069931;-2.67E-05;0.05712533;0.081432647;0.995040412;-7.718189021;1.032535665;0.103206959
-0.572218419;0.816327498;-1.223136279;-0.817972126;-0.575006881;-0.016990819;-0.0590566;0.054557328;0.996762668;0.156241922;8.538881293;-0.547769209
0.816174893;-0.569397452;0.848881031;0.572208132;0.820108253;-0.000553522;-0.080227165;0.056647988;0.995165618;-1.612405634;1.941996395;0.19109996
-0.854295031;0.510179781;-1.066721952;-0.512721334;-0.858555084;-2.17E-05;-0.085421504;0.050987824;0.9950394;8.125944377;1.022425778;-0.102207794
0.871054184;-0.481003866;-1.065731593;0.483403553;0.875397627;1.05E-05;0.087095427;-0.048106925;0.995037743;11.26823938;1.005653436;-0.100549403
-0.992213585;-0.087252552;0.564674959;0.086900864;-0.996186223;-0.007826199;0.08922131;-4.17E-05;0.996011825;-0.284539255;5.532206851;0.454819597
-0.119746376;-0.988146696;-1.15717541;0.992713665;-0.120482554;0.001879865;-0.013430753;-0.095131806;0.995374078;19.67919812;2.983546315;-0.283971571
-0.27686923;-0.956065675;-1.152915967;0.960487169;-0.278319184;0.00168228;-0.028422303;-0.09206985;0.995346832;19.62423474;2.860711658;-0.273596342
-0.930168262;-0.353948063;-1.131958237;0.355556647;-0.934654262;0.000938976;-0.091468435;-0.033796143;0.995234317;19.26447519;2.31777912;-0.225799791
-0.30832263;0.948487162;-1.21293687;-0.950297267;-0.310582686;-0.021760043;-0.043269623;0.062533973;0.997104429;0.124220773;10.05429033;-0.558375829
0.860419769;0.499777838;0.924250194;-0.502271133;0.864710188;1.03E-05;-0.086032153;-0.049984027;0.995037721;-11.24678113;1.005424804;0.10052679
0.571717304;-0.81443379;-1.082110585;0.81847677;0.574539607;0.000129689;0.05687795;-0.081251719;0.995069373;16.54526675;1.291634968;-0.128680858
0.972800364;0.209390651;0.894532047;-0.210442413;0.977606241;0.000170069;-0.09681654;-0.021014124;0.995080381;23.73441304;1.378716063;0.137177377
0.689825088;0.717130645;0.91106356;-0.720688687;0.693258834;-8.07E-05;-0.068914181;-0.071525015;0.995055279;-4.990810866;1.171977641;0.116950041
-0.556811138;-0.824661671;0.92207601;0.828770495;-0.559588657;-2.69E-05;0.055685037;0.082423678;0.995040458;-7.701252733;1.033001677;0.103253007
0.06381721;0.993363604;0.751463193;-0.997953642;0.063905679;0.002142823;-0.003986377;-0.095628519;0.995409109;21.09772403;3.137927553;0.296762317
-0.566931391;-0.817772414;-1.082076616;0.821831922;-0.569730002;-0.00012942;-0.056401145;-0.081584335;0.995069298;3.877773975;1.291021608;-0.128620886
-0.82155232;0.56937492;-0.969806569;-0.570130184;-0.820289808;0.045565379;0.001832497;0.054192533;0.998528823;20.38728672;18.30936054;-0.287755264
0.604656919;-0.790906383;-1.180171735;0.794619804;0.607098178;0.003342167;0.054491993;-0.076804268;0.995555989;19.91069076;3.753791841;-0.344841511
-0.650824328;0.752723985;0.90065759;-0.756461521;-0.654038187;-0.000134421;0.064758494;-0.07510428;0.995070693;-3.795864649;1.302345553;0.129727815
0.956029462;-0.276407592;0.839862253;0.277806881;0.960636719;-0.000655839;-0.093973421;0.027855633;0.995184937;-1.448988306;2.052540045;0.201428334
0.863687962;0.494108474;0.924244772;-0.496573501;0.867994676;1.03E-05;-0.086358921;-0.049417179;0.995037727;-11.25328953;1.005493638;0.100533598
0.739644868;-0.66560135;-1.065603351;0.668921459;0.74333309;8.21E-06;0.073956412;-0.066563965;0.995037531;11.04217637;1.00348612;-0.100335037
-0.987937846;-0.120123846;-1.127347918;0.120621845;-0.992698193;0.000817022;-0.097103978;-0.010979923;0.995213675;19.15774886;2.209554885;-0.215928954
0.92150955;-0.375431676;-1.073787406;0.377292009;0.926094345;-7.01E-05;0.092037431;-0.037420867;0.995052154;5.350043597;1.143952523;-0.114193905
0.466250215;-0.879043134;0.921847772;0.883422934;0.468576482;2.82E-05;-0.046633224;0.087859258;0.99504075;-12.81943497;1.035893788;0.103538766
0.993493594;0.056221339;0.892875811;-0.056517055;0.998401618;0.000180287;-0.098875178;-0.005776768;0.995083076;23.62301927;1.399322892;0.139182615
0.53552844;-0.838658194;-1.07621155;0.842819703;0.538196007;-8.63E-05;0.053518589;-0.08365101;0.995056918;4.823967842;1.186439018;-0.118371011
0.98717469;-0.159443722;-0.624952719;0.159643757;0.985926946;-0.04961781;3.43E-05;0.050256899;0.998736323;-0.008023652;19.8969488;0.079964967
0.071430609;0.992494417;0.906720175;-0.997419383;0.071795285;-0.000102211;-0.007227827;-0.098996314;0.99506155;-4.414323705;1.226495865;0.122302456
0.956854333;0.273005774;-1.066411192;-0.274365139;0.961625587;1.88E-05;0.095674217;0.027277781;0.995038877;12.03846008;1.01715615;-0.101686855
-0.931649377;-0.349470847;-1.065829788;0.351214724;-0.936294942;-1.20E-05;-0.093153936;-0.034955824;0.995037906;9.006265854;1.00731365;-0.100713602
-0.060754222;0.993269741;-1.103553308;-0.998136715;-0.061016131;0.000360435;-0.005658857;0.098449238;0.995125984;18.31131577;1.698833656;-0.168066421
0.961547362;0.256034662;0.913914751;-0.257301525;0.966331165;-6.71E-05;-0.096034349;-0.025501591;0.995051291;-5.460583521;1.136102733;0.113421359
-0.709777651;0.699704076;-1.22473558;-0.701116541;-0.712899039;-0.014510582;-0.06820031;0.04678853;0.996573907;0.178458124;7.749762921;-0.53343935
0.944220185;-0.313955922;0.916493259;0.315523652;0.948917711;-5.50E-05;-0.094303064;0.031414287;0.995047775;-5.977298473;1.103596447;0.11021968
-0.736446683;0.675565027;-1.01583669;-0.67648736;-0.735166075;0.043539566;0.003336877;0.056060118;0.998421819;20.3796834;17.53909108;-0.342937248
0.858442316;0.512237449;-0.94489043;-0.512908506;0.857185367;-0.046455473;-0.001286576;0.053348303;0.998575137;0.027550831;18.65263655;-0.258411873
0.077850381;0.992334538;0.761205404;-0.996920305;0.078397426;-0.001936388;-0.009445854;-0.095530148;0.995381719;-0.725289822;3.017542269;0.286812333
-0.735103985;-0.670625062;0.918085091;0.673967618;-0.738760886;4.74E-05;0.073415125;0.067040133;0.995045647;-14.06027914;1.083498122;0.108238115
0.123445498;-0.987739938;-1.16400767;0.992304732;0.123799473;0.002238136;0.009619134;-0.095097348;0.995421502;19.75824853;3.19169633;-0.301150213
0.344369181;-0.933569465;-1.077155497;0.938202085;0.346087906;-9.28E-05;0.034448725;-0.09311936;0.995058827;4.644975669;1.20309744;-0.120006795
0.323923676;0.940842711;-1.069090749;-0.945530515;0.325533474;-3.95E-05;0.032334139;0.094036965;0.995043493;6.821670837;1.062798733;-0.106195736
-0.032770241;-0.997397426;0.100210721;0.999119239;-0.031006332;0.028272831;-0.026207956;0.065092098;0.997535043;20.51138847;12.16726159;0.5412425
0.990559384;-0.094768644;-1.087713974;0.095254584;0.995452928;0.000177665;0.098583315;-0.009611006;0.995082388;17.18634394;1.394085659;-0.138673184
-0.953943946;0.283039542;-1.071559681;-0.284453468;-0.958689846;5.56E-05;-0.095274198;0.028326601;0.995047954;14.47056957;1.105272397;-0.11038485
-0.226218776;0.969009273;0.904552101;-0.973817835;-0.22732974;-0.000113406;0.022447468;-0.096655152;0.995064768;-4.17259299;1.253652862;0.124963936
-0.42014685;0.901988365;-1.067600153;-0.906482492;-0.422243402;-2.89E-05;-0.042025178;0.090152641;0.995040896;7.549402918;1.03735108;-0.103682745
-0.24278321;-0.96506261;0.865099081;0.969792018;-0.24393296;0.000392126;0.023659148;0.095660177;0.995132843;22.41851056;1.742779861;0.172259132
0.053577156;-0.99359373;-1.065397795;0.998549342;0.053844323;5.23E-07;0.00535719;-0.099359387;0.995037192;10.26286374;1.000014364;-0.099991618
0.531400165;-0.841844681;-1.177304574;0.845774466;0.53353149;0.003114865;0.047743249;-0.081496522;0.995529457;19.88656004;3.645463718;-0.336739492
0.950164028;-0.295621912;0.888753932;0.297060945;0.954858499;0.000206835;-0.094568046;0.029205011;0.995089922;23.37279292;1.450534456;0.144156638
0.93631851;-0.340309272;0.512118531;0.340767915;0.940095482;0.009884927;-0.084763649;0.020250512;0.996195282;20.65877116;6.241054927;0.486615698
-0.694423312;-0.712743021;0.882233905;0.716234305;-0.69785984;-0.000252198;0.069171412;0.070633059;0.995101144;-2.62239615;1.531345889;0.151977293
0.782433244;-0.6147375;0.922685227;0.617800172;0.786335137;2.32E-05;-0.078237884;0.061439879;0.995039685;-12.41657946;1.025279404;0.102489855
-0.616119359;0.78142728;-1.095973329;-0.785255876;-0.619171333;-0.0002633;-0.061401497;0.077448475;0.995103809;2.55475656;1.550016237;-0.153779007
-0.349461258;-0.931659056;0.919640135;0.93630113;-0.351198224;3.99E-05;0.03488586;0.093119332;0.9950436;-13.6223744;1.063840975;0.106298609
-0.882778447;-0.459215265;-1.085065658;0.461501192;-0.887139575;-0.000154071;-0.087857059;-0.045877166;0.995076089;3.51148053;1.34534529;-0.133925655
-0.702373862;-0.704987537;0.853327237;0.708453974;-0.705756835;0.000506407;0.069021185;0.069999021;0.995156376;22.12352169;1.887445644;0.185968949
0.980499699;-0.170376754;0.836582242;0.17126719;0.985224373;-0.000695307;-0.096373703;0.017455534;0.995192149;-1.396454391;2.092716076;0.205158152
-0.246911361;-0.964344347;-1.167701399;0.968805294;-0.247810961;-0.002455706;-0.021238706;-0.092896219;0.99544925;0.621583305;3.310676461;-0.310733858
0.516652441;0.850520123;-1.109507754;-0.854692341;0.519134663;-0.000451215;0.050707566;0.084348813;0.995145226;1.832631338;1.820003848;-0.179595626
0.836979034;0.540729211;-1.223538704;-0.541755201;0.840449265;0.012096887;0.077248934;0.035453537;0.996381277;20.21229129;6.97199601;-0.512676106
0.990558366;0.104494958;-1.213373559;-0.104201282;0.994524468;0.007948326;0.089085446;0.001373623;0.99602304;20.13710166;5.575347934;-0.456945656
-0.701775659;0.705504615;-1.094906759;-0.708960338;-0.705248309;-0.000251131;-0.069901102;0.069914678;0.995100886;2.629137741;1.529530285;-0.15180198
-0.593563408;-0.799260088;-1.179722749;0.803008829;-0.595957963;-0.00330553;-0.053472435;-0.07757202;0.995551747;0.511539141;3.736539925;-0.343561644
-0.69327476;0.714109969;0.79969031;-0.717412716;-0.696647328;0.001222918;0.068477023;-0.068771012;0.995279581;21.39342562;2.544436777;0.246118593
0.531218985;0.841453256;-1.09697097;-0.845576442;0.533854291;0.000275002;0.052979902;0.083402721;0.995106585;17.93046572;1.569276361;-0.155635547
0.68574248;0.721099302;-1.0951125;-0.724631636;0.689136364;0.000253452;0.068309906;0.071462357;0.995101446;17.80398868;1.533473656;-0.152182725
-0.862981719;-0.495607892;0.846575122;0.498062394;-0.867141001;0.00057882;0.084831624;0.049389276;0.995170485;21.9862393;1.970272471;0.193750844
0.8979327;-0.428773228;-1.074001283;0.43089866;0.902400321;-7.15E-05;0.089683952;-0.04274551;0.995052567;5.299138162;1.147684246;-0.114561082
-0.497268585;-0.862189126;-1.146894524;0.866179591;-0.499730791;0.001432603;-0.049566831;-0.083060505;0.995311048;19.53770835;2.695018866;-0.259334088
-0.665163935;0.740125196;-1.09537205;-0.743750982;-0.668456739;-0.000256397;-0.066267771;0.073350413;0.995102155;2.596285921;1.538454058;-0.152663474
-0.622063204;0.781835558;-1.062238793;-0.782945248;-0.620746107;0.040877976;0.005840296;0.058373209;0.998277747;20.37050712;16.54956155;-0.39953603
0.010837833;-0.99533742;-1.160181431;0.999936514;0.011083467;-0.002030859;0.003083668;-0.095815325;0.995394351;0.703257462;3.073339149;-0.291445423
0.652134281;0.751631644;-1.095534014;-0.75531394;0.655363094;0.000258246;0.064974851;0.074492187;0.995102599;17.8335237;1.541565136;-0.152963709
0.694865758;-0.712311658;0.882242703;0.715800823;0.69830446;0.000252134;-0.069215322;0.070590249;0.995101128;23.04132152;1.531236986;0.151966778
0.932511444;0.347191737;-1.071358323;-0.348924818;0.937150718;-5.43E-05;0.093133662;0.034733689;0.995047583;6.009256425;1.101793016;-0.110041935
0.594215954;0.798266949;-1.110759487;-0.802185512;0.597074687;-0.000472083;0.058359274;0.079194041;0.995149486;1.781587916;1.845990398;-0.182055204
-0.920781062;-0.377319292;0.887679827;0.379160697;-0.925330816;-0.000214021;0.091648251;0.037323348;0.995091737;-2.89467007;1.463863188;0.145448977
0.422619936;-0.904861378;-0.095833654;0.906235438;0.421202991;-0.036405658;0.011389497;0.061757006;0.998026228;-0.062949016;14.94084223;0.469080908
-0.683605858;-0.723040599;0.922407144;0.726643019;-0.687015227;-2.49E-05;0.068359011;0.072265964;0.995040037;-7.85905381;1.028804777;0.102838275
-0.838101567;-0.537566966;-1.191630791;0.540237846;-0.841500698;-0.004432223;-0.075689062;-0.05383615;0.995677074;0.420873442;4.237409166;-0.379080907
0.91744467;-0.39735268;-0.49107378;0.397862987;0.916193867;-0.04789407;0.000567196;0.051958112;0.998649104;-0.020720396;19.21385058;0.199901658
0.530298229;0.846531863;-1.091370003;-0.847771385;0.528941145;-0.038793622;-0.008213899;0.060042244;0.998162041;0.054967489;15.79167751;-0.435241576
0.905779158;-0.413617679;-1.196384852;0.415798544;0.909443038;0.004993251;0.081704887;-0.04282262;0.995736177;20.0301388;4.468881604;-0.394330524
0.645013116;0.757675897;-1.06997432;-0.761451761;0.648221578;-4.53E-05;0.064415026;0.07573652;0.995045066;6.474240637;1.077952161;-0.107691056
0.970142537;0.221234282;-1.071753597;-0.222340754;0.974969018;-5.69E-05;0.096891939;0.022154162;0.995048313;5.890222334;1.108625794;-0.110715305
-0.993281686;0.061763564;-1.124081561;-0.062133872;-0.998067551;0.000738074;-0.097626195;0.006813591;0.99519983;19.07383622;2.134913624;-0.209061405
-0.185745273;-0.977551317;0.921146167;0.982421913;-0.186674005;-3.21E-05;0.01859782;0.097704855;0.995041649;-7.312214585;1.044780885;0.104416685
0.959875524;0.26218563;-1.066398693;-0.26349106;0.964661838;1.86E-05;0.095976251;0.026196072;0.995038856;12.02741433;1.016944324;-0.101665912
0.096414111;0.9933848;-1.176452688;-0.995065192;0.09472185;-0.029547157;-0.023443179;0.064918494;0.99761516;0.087711262;12.5904979;-0.533800938
0.988109281;0.153560611;-0.781944758;-0.153753206;0.986861548;-0.049641085;-3.06E-05;0.050233697;0.99873749;0.007723965;19.90625343;-0.077011319
-0.942165499;-0.320038566;-1.065852641;0.3216357;-0.946863494;-1.23E-05;-0.094205361;-0.032013121;0.995037944;8.975242861;1.007700128;-0.100751824
-0.682838839;-0.729541203;-0.264495728;0.730555517;-0.681542919;0.042283409;-0.004444816;0.057174154;0.998354326;20.46176146;17.06896068;0.371452938
-0.985749435;0.135961733;0.893743216;-0.136650988;-0.990619239;-0.000174904;0.098104836;-0.013708765;0.99508166;-3.261988803;1.388532818;0.138132904
-0.994779323;0.023185915;-1.072383966;-0.023307354;-0.999728345;6.09E-05;-0.099352228;0.002376929;0.995049489;14.70774927;1.119544584;-0.111790984
0.710811967;0.697125119;0.687399341;-0.700446219;0.713695361;0.003745222;-0.064198452;-0.06823123;0.995601857;20.88947451;3.938833842;0.358318116
-0.990037408;0.100073644;0.89335455;-0.100585766;-0.994928375;-0.000177308;0.098531393;-0.010138711;0.995082294;-3.236002628;1.393368202;0.138603385
-0.991525394;0.093508831;0.596366481;-0.094490156;-0.99550349;-0.006664252;0.089157178;-0.015129452;0.995902654;-0.318596822;5.112510714;0.432812665
